,0,img_array
0,ducks,55
1,ducks,70
2,ducks,16
3,ducks,32
4,ducks,46
5,ducks,88
6,ducks,86
7,ducks,74
8,ducks,82
9,ducks,252
10,ducks,33
11,ducks,253
12,ducks,102
13,ducks,228
14,ducks,97
15,ducks,0
16,ducks,6
17,ducks,145
18,ducks,253
19,ducks,129
20,ducks,108
21,ducks,254
22,ducks,186
23,ducks,89
24,ducks,166
25,ducks,191
26,ducks,1
27,ducks,63
28,ducks,177
29,ducks,78
30,ducks,115
31,ducks,85
32,ducks,114
33,ducks,83
34,ducks,153
35,ducks,84
36,ducks,58
37,ducks,110
38,ducks,255
39,ducks,42
40,ducks,112
41,ducks,99
42,ducks,163
43,ducks,109
44,ducks,84
45,ducks,89
46,ducks,54
47,ducks,151
48,ducks,106
49,ducks,153
50,ducks,64
51,ducks,85
52,ducks,137
53,ducks,122
54,ducks,152
55,ducks,174
56,ducks,88
57,ducks,156
58,ducks,121
59,ducks,163
60,ducks,24
61,ducks,144
62,ducks,91
63,ducks,143
64,ducks,60
65,ducks,121
66,ducks,92
67,ducks,147
68,ducks,62
69,ducks,65
70,ducks,84
71,ducks,146
72,ducks,112
73,ducks,100
74,ducks,158
75,ducks,185
76,ducks,137
77,ducks,161
78,ducks,193
79,ducks,142
80,ducks,180
81,ducks,194
82,ducks,6
83,ducks,140
84,ducks,31
85,ducks,157
86,ducks,137
87,ducks,202
88,ducks,0
89,ducks,77
90,ducks,149
91,ducks,78
92,ducks,178
93,ducks,178
94,ducks,137
95,ducks,124
96,ducks,137
97,ducks,50
98,ducks,155
99,ducks,177
100,ducks,136
101,ducks,103
102,ducks,76
103,ducks,160
104,ducks,90
105,ducks,91
106,ducks,0
107,ducks,143
108,ducks,53
109,ducks,86
110,ducks,77
111,ducks,124
112,ducks,120
113,ducks,115
114,ducks,49
115,ducks,126
116,ducks,131
117,ducks,142
118,ducks,142
119,ducks,168
120,ducks,48
121,ducks,154
122,ducks,146
123,ducks,187
124,ducks,153
125,ducks,168
126,ducks,164
127,ducks,113
128,ducks,205
129,ducks,103
130,ducks,177
131,ducks,119
132,ducks,169
133,ducks,145
134,ducks,108
135,ducks,79
136,ducks,118
137,ducks,0
138,ducks,142
139,ducks,50
140,ducks,32
141,ducks,73
142,ducks,66
143,ducks,58
144,ducks,176
145,ducks,55
146,ducks,93
147,ducks,146
148,ducks,95
149,ducks,126
150,ducks,120
151,ducks,188
152,ducks,197
153,ducks,156
154,ducks,190
155,ducks,123
156,ducks,95
157,ducks,219
158,ducks,164
159,ducks,103
160,ducks,24
161,ducks,75
162,ducks,163
163,ducks,234
164,ducks,162
165,ducks,112
166,ducks,186
167,ducks,79
168,ducks,186
169,ducks,217
170,ducks,37
171,ducks,1
172,ducks,50
173,ducks,68
174,ducks,149
175,ducks,168
176,ducks,124
177,ducks,107
178,ducks,218
179,ducks,179
180,ducks,43
181,ducks,130
182,ducks,68
183,ducks,145
184,ducks,254
185,ducks,200
186,ducks,125
187,ducks,144
188,ducks,180
189,ducks,60
190,ducks,99
191,ducks,78
192,ducks,6
193,ducks,149
194,ducks,103
195,ducks,225
196,ducks,131
197,ducks,102
198,ducks,89
199,ducks,82
200,ducks,53
201,ducks,133
202,ducks,55
203,ducks,80
204,ducks,118
205,ducks,171
206,ducks,138
207,ducks,55
208,ducks,86
209,ducks,254
210,ducks,124
211,ducks,119
212,ducks,193
213,ducks,178
214,ducks,187
215,ducks,149
216,ducks,134
217,ducks,71
218,ducks,38
219,ducks,147
220,ducks,89
221,ducks,173
222,ducks,152
223,ducks,119
224,ducks,138
225,ducks,92
226,ducks,217
227,ducks,120
228,ducks,175
229,ducks,251
230,ducks,200
231,ducks,111
232,ducks,87
233,ducks,95
234,ducks,69
235,ducks,131
236,ducks,21
237,ducks,102
238,ducks,153
239,ducks,140
240,ducks,175
241,ducks,74
242,ducks,134
243,ducks,120
244,ducks,89
245,ducks,145
246,ducks,65
247,ducks,85
248,ducks,151
249,ducks,255
250,ducks,212
251,ducks,150
252,ducks,255
253,ducks,139
254,ducks,190
255,ducks,93
256,ducks,46
257,ducks,63
258,ducks,203
259,ducks,51
260,ducks,131
261,ducks,50
262,ducks,61
263,ducks,128
264,ducks,159
265,ducks,51
266,ducks,121
267,ducks,85
268,ducks,115
269,ducks,138
270,ducks,163
271,ducks,132
272,ducks,134
273,ducks,54
274,ducks,187
275,ducks,131
276,ducks,114
277,ducks,117
278,ducks,123
279,ducks,135
280,ducks,65
281,ducks,131
282,ducks,63
283,ducks,0
284,ducks,154
285,ducks,116
286,ducks,135
287,ducks,120
288,ducks,167
289,ducks,148
290,ducks,124
291,ducks,107
292,ducks,7
293,ducks,114
294,ducks,71
295,ducks,107
296,ducks,59
297,ducks,112
298,ducks,58
299,ducks,48
300,ducks,131
301,ducks,147
302,ducks,46
303,ducks,135
304,ducks,179
305,ducks,84
306,ducks,66
307,ducks,127
308,ducks,137
309,ducks,205
310,ducks,106
311,ducks,160
312,ducks,41
313,ducks,135
314,ducks,150
315,ducks,201
316,ducks,167
317,ducks,148
318,ducks,152
319,ducks,255
320,ducks,153
321,ducks,143
322,ducks,125
323,ducks,111
324,ducks,151
325,ducks,155
326,ducks,179
327,ducks,221
328,ducks,181
329,ducks,140
330,ducks,65
331,ducks,171
332,ducks,175
333,ducks,152
334,ducks,165
335,ducks,114
336,ducks,173
337,ducks,156
338,ducks,141
339,ducks,83
340,ducks,249
341,ducks,115
342,ducks,75
343,ducks,81
344,ducks,153
345,ducks,20
346,ducks,132
347,ducks,247
348,ducks,54
349,ducks,119
350,ducks,62
351,ducks,154
352,ducks,191
353,ducks,157
354,ducks,42
355,ducks,108
356,ducks,62
357,ducks,0
358,ducks,110
359,ducks,200
360,ducks,115
361,ducks,70
362,ducks,166
363,ducks,144
364,ducks,36
365,ducks,122
366,ducks,117
367,ducks,121
368,ducks,31
369,ducks,111
370,ducks,44
371,ducks,253
372,ducks,157
373,ducks,250
374,ducks,253
375,ducks,132
376,ducks,61
377,ducks,138
378,ducks,125
379,ducks,153
380,ducks,54
381,ducks,189
382,ducks,83
383,ducks,84
384,ducks,105
385,ducks,255
386,ducks,127
387,ducks,40
388,ducks,105
389,ducks,209
390,ducks,196
391,ducks,1
392,ducks,116
393,ducks,224
394,ducks,0
395,ducks,175
396,ducks,110
397,ducks,66
398,ducks,0
399,ducks,138
400,ducks,211
401,ducks,127
402,ducks,168
403,ducks,136
404,ducks,121
405,ducks,95
406,ducks,108
407,ducks,82
408,ducks,122
409,ducks,83
410,ducks,111
411,ducks,135
412,ducks,117
413,ducks,123
414,ducks,157
415,ducks,134
416,ducks,154
417,ducks,129
418,ducks,26
419,ducks,201
420,ducks,22
421,ducks,128
422,ducks,182
423,ducks,67
424,ducks,100
425,ducks,66
426,ducks,175
427,ducks,83
428,ducks,199
429,ducks,0
430,ducks,146
431,ducks,62
432,ducks,255
433,ducks,160
434,ducks,253
435,ducks,157
436,ducks,100
437,ducks,189
438,ducks,166
439,ducks,132
440,ducks,74
441,ducks,19
442,ducks,67
443,ducks,115
444,ducks,44
445,ducks,112
446,ducks,252
447,ducks,155
448,ducks,190
449,ducks,161
450,ducks,109
451,ducks,114
452,ducks,127
453,ducks,64
454,ducks,254
455,ducks,51
456,ducks,194
457,ducks,159
458,ducks,112
459,ducks,174
460,ducks,111
461,ducks,180
462,ducks,255
463,ducks,94
464,ducks,126
465,ducks,91
466,ducks,200
467,ducks,204
468,ducks,130
469,ducks,176
470,ducks,111
471,ducks,240
472,ducks,245
473,ducks,166
474,ducks,198
475,ducks,146
476,ducks,128
477,ducks,255
478,ducks,253
479,ducks,54
480,ducks,162
481,ducks,102
482,ducks,140
483,ducks,138
484,ducks,189
485,ducks,219
486,ducks,171
487,ducks,72
488,ducks,146
489,ducks,166
490,ducks,202
491,ducks,92
492,ducks,155
493,ducks,186
494,ducks,170
495,ducks,126
496,ducks,197
497,ducks,138
498,ducks,92
499,ducks,54
500,ducks,153
501,ducks,130
502,ducks,110
503,ducks,145
504,ducks,143
505,ducks,46
506,ducks,200
507,ducks,152
508,ducks,66
509,ducks,109
510,ducks,215
511,ducks,249
512,ducks,194
513,ducks,78
514,ducks,180
515,ducks,153
516,ducks,60
517,ducks,123
518,ducks,121
519,ducks,132
520,ducks,140
521,ducks,156
522,ducks,58
523,ducks,23
524,ducks,148
525,ducks,116
526,ducks,151
527,ducks,177
528,ducks,142
529,ducks,157
530,ducks,162
531,ducks,106
532,ducks,246
533,ducks,173
534,ducks,69
535,ducks,157
536,ducks,213
537,ducks,182
538,ducks,244
539,ducks,100
540,ducks,79
541,ducks,106
542,ducks,120
543,ducks,213
544,ducks,129
545,ducks,98
546,ducks,145
547,ducks,175
548,ducks,10
549,ducks,188
550,ducks,166
551,ducks,79
552,ducks,148
553,ducks,217
554,ducks,99
555,ducks,12
556,ducks,223
557,ducks,99
558,ducks,107
559,ducks,237
560,ducks,140
561,ducks,150
562,ducks,172
563,ducks,248
564,ducks,113
565,ducks,122
566,ducks,116
567,ducks,66
568,ducks,63
569,ducks,134
570,ducks,141
571,ducks,92
572,ducks,124
573,ducks,168
574,ducks,143
575,ducks,143
576,ducks,166
577,ducks,134
578,ducks,100
579,ducks,153
580,ducks,125
581,ducks,149
582,ducks,130
583,ducks,147
584,ducks,182
585,ducks,99
586,ducks,77
587,ducks,162
588,ducks,3
589,ducks,184
590,ducks,74
591,ducks,44
592,ducks,129
593,ducks,133
594,ducks,80
595,ducks,156
596,ducks,166
597,ducks,166
598,ducks,133
599,ducks,137
600,ducks,74
601,ducks,79
602,ducks,171
603,ducks,143
604,ducks,159
605,ducks,78
606,ducks,202
607,ducks,46
608,ducks,0
609,ducks,58
610,ducks,1
611,ducks,142
612,ducks,255
613,ducks,137
614,ducks,117
615,ducks,83
616,ducks,86
617,ducks,89
618,ducks,154
619,ducks,83
620,ducks,1
621,ducks,89
622,ducks,13
623,ducks,182
624,ducks,151
625,ducks,82
626,ducks,0
627,ducks,152
628,ducks,0
629,ducks,149
630,ducks,58
631,ducks,66
632,ducks,82
633,ducks,122
634,ducks,253
635,ducks,96
636,ducks,93
637,ducks,98
638,ducks,248
639,ducks,194
640,ducks,117
641,ducks,137
642,ducks,151
643,ducks,237
644,ducks,163
645,ducks,153
646,ducks,122
647,ducks,47
648,ducks,63
649,ducks,115
650,ducks,98
651,ducks,162
652,ducks,214
653,ducks,33
654,ducks,45
655,ducks,142
656,ducks,62
657,ducks,203
658,ducks,189
659,ducks,105
660,ducks,114
661,ducks,177
662,ducks,89
663,ducks,118
664,ducks,211
665,ducks,59
666,ducks,168
667,ducks,55
668,ducks,187
669,ducks,217
670,ducks,106
671,ducks,137
672,ducks,139
673,ducks,111
674,ducks,176
675,ducks,222
676,ducks,136
677,ducks,48
678,ducks,153
679,ducks,147
680,ducks,201
681,ducks,92
682,ducks,139
683,ducks,97
684,ducks,48
685,ducks,89
686,ducks,52
687,ducks,206
688,ducks,195
689,ducks,134
690,ducks,169
691,ducks,103
692,ducks,111
693,ducks,72
694,ducks,141
695,ducks,119
696,ducks,244
697,ducks,44
698,ducks,96
699,ducks,105
700,ducks,113
701,ducks,85
702,ducks,228
703,ducks,7
704,ducks,182
705,ducks,160
706,ducks,78
707,ducks,79
708,ducks,62
709,ducks,197
710,ducks,45
711,ducks,194
712,ducks,190
713,ducks,176
714,ducks,181
715,ducks,126
716,ducks,21
717,ducks,218
718,ducks,101
719,ducks,209
720,ducks,33
721,ducks,58
722,ducks,214
723,ducks,222
724,ducks,100
725,ducks,159
726,ducks,107
727,ducks,82
728,ducks,2
729,ducks,83
730,ducks,189
731,ducks,173
732,ducks,192
733,ducks,196
734,ducks,143
735,ducks,105
736,ducks,142
737,ducks,202
738,ducks,240
739,ducks,106
740,ducks,121
741,ducks,12
742,ducks,47
743,ducks,0
744,ducks,88
745,ducks,156
746,ducks,0
747,ducks,131
748,ducks,129
749,ducks,167
750,ducks,114
751,ducks,105
752,ducks,181
753,ducks,40
754,ducks,191
755,ducks,142
756,ducks,58
757,ducks,74
758,ducks,42
759,ducks,90
760,ducks,192
761,ducks,52
762,ducks,99
763,ducks,131
764,ducks,227
765,ducks,159
766,ducks,116
767,ducks,136
768,ducks,159
769,ducks,1
770,ducks,148
771,ducks,23
772,ducks,150
773,ducks,0
774,ducks,121
775,ducks,128
776,ducks,131
777,ducks,141
778,ducks,103
779,ducks,51
780,ducks,197
781,ducks,99
782,ducks,172
783,ducks,99
784,ducks,124
785,ducks,73
786,ducks,137
787,ducks,132
788,ducks,129
789,ducks,0
790,ducks,40
791,ducks,130
792,ducks,150
793,ducks,109
794,ducks,133
795,ducks,135
796,ducks,209
797,ducks,133
798,ducks,158
799,ducks,195
800,ducks,148
801,ducks,167
802,ducks,59
803,ducks,183
804,ducks,107
805,ducks,72
806,ducks,125
807,ducks,63
808,ducks,207
809,ducks,57
810,ducks,0
811,ducks,163
812,ducks,205
813,ducks,174
814,ducks,130
815,ducks,89
816,ducks,123
817,ducks,73
818,ducks,137
819,ducks,165
820,ducks,160
821,ducks,147
822,ducks,198
823,ducks,162
824,ducks,84
825,ducks,76
826,ducks,30
827,ducks,16
828,ducks,122
829,ducks,111
830,ducks,186
831,ducks,142
832,ducks,153
833,ducks,146
834,ducks,193
835,ducks,150
836,ducks,255
837,ducks,78
838,ducks,136
839,ducks,129
840,ducks,151
841,ducks,140
842,ducks,182
843,ducks,142
844,ducks,246
845,ducks,1
846,ducks,131
847,ducks,171
848,ducks,116
849,ducks,170
850,ducks,66
851,ducks,150
852,ducks,97
853,ducks,130
854,ducks,186
855,ducks,96
856,ducks,26
857,ducks,163
858,ducks,73
859,ducks,80
860,ducks,146
861,ducks,148
862,ducks,141
863,ducks,93
864,ducks,112
865,ducks,51
866,ducks,91
867,ducks,147
868,ducks,51
869,ducks,89
870,ducks,79
871,ducks,108
872,ducks,193
873,ducks,148
874,ducks,140
875,ducks,104
876,ducks,160
877,ducks,51
878,ducks,192
879,ducks,21
880,ducks,0
881,ducks,95
882,ducks,173
883,ducks,241
884,ducks,92
885,ducks,56
886,ducks,130
887,ducks,72
888,ducks,134
889,ducks,33
890,ducks,151
891,ducks,212
892,ducks,118
893,ducks,131
894,ducks,39
895,ducks,253
896,ducks,58
897,ducks,75
898,ducks,37
899,ducks,80
900,ducks,185
901,ducks,41
902,ducks,178
903,ducks,189
904,ducks,123
905,ducks,102
906,ducks,167
907,ducks,226
908,ducks,210
909,ducks,78
910,ducks,61
911,ducks,152
912,ducks,255
913,ducks,147
914,ducks,126
915,ducks,76
916,ducks,151
917,ducks,118
918,ducks,79
919,ducks,150
920,ducks,81
921,ducks,100
922,ducks,184
923,ducks,132
924,ducks,237
925,ducks,97
926,ducks,240
927,ducks,114
928,ducks,116
929,ducks,96
930,ducks,96
931,ducks,128
932,ducks,116
933,ducks,107
934,ducks,141
935,ducks,54
936,ducks,180
937,ducks,210
938,ducks,92
939,ducks,253
940,ducks,104
941,ducks,70
942,ducks,64
943,ducks,99
944,ducks,149
945,ducks,0
946,ducks,82
947,ducks,238
948,ducks,129
949,ducks,130
950,ducks,187
951,ducks,140
952,ducks,151
953,ducks,184
954,ducks,101
955,ducks,1
956,ducks,119
957,ducks,113
958,ducks,1
959,ducks,179
960,ducks,172
961,ducks,122
962,ducks,213
963,ducks,132
964,ducks,118
965,ducks,119
966,ducks,142
967,ducks,81
968,ducks,254
969,ducks,157
970,ducks,92
971,ducks,55
972,ducks,155
973,ducks,90
974,ducks,106
975,ducks,101
976,ducks,99
977,ducks,139
978,ducks,78
979,ducks,197
980,ducks,149
981,ducks,186
982,ducks,1
983,ducks,162
984,ducks,162
985,ducks,168
986,ducks,151
987,ducks,192
988,ducks,157
989,ducks,253
990,finches,72
991,finches,219
992,finches,84
993,finches,38
994,finches,129
995,finches,137
996,finches,89
997,finches,44
998,finches,111
999,finches,137
1000,finches,100
1001,finches,88
1002,finches,2
1003,finches,44
1004,finches,213
1005,finches,172
1006,finches,0
1007,finches,167
1008,finches,182
1009,finches,81
1010,finches,151
1011,finches,233
1012,finches,114
1013,finches,249
1014,finches,114
1015,finches,75
1016,finches,150
1017,finches,157
1018,finches,33
1019,finches,123
1020,finches,71
1021,finches,246
1022,finches,110
1023,finches,145
1024,finches,184
1025,finches,36
1026,finches,142
1027,finches,222
1028,finches,164
1029,finches,98
1030,finches,153
1031,finches,34
1032,finches,110
1033,finches,125
1034,finches,1
1035,finches,143
1036,finches,54
1037,finches,95
1038,finches,133
1039,finches,88
1040,finches,72
1041,finches,126
1042,finches,157
1043,finches,113
1044,finches,144
1045,finches,158
1046,finches,148
1047,finches,107
1048,finches,110
1049,finches,173
1050,finches,72
1051,finches,140
1052,finches,169
1053,finches,115
1054,finches,184
1055,finches,70
1056,finches,87
1057,finches,118
1058,finches,35
1059,finches,120
1060,finches,52
1061,finches,244
1062,finches,74
1063,finches,47
1064,finches,213
1065,finches,52
1066,finches,36
1067,finches,246
1068,finches,140
1069,finches,169
1070,finches,200
1071,finches,71
1072,finches,193
1073,finches,122
1074,finches,144
1075,finches,145
1076,finches,81
1077,finches,128
1078,finches,86
1079,finches,128
1080,finches,129
1081,finches,148
1082,finches,161
1083,finches,123
1084,finches,92
1085,finches,58
1086,finches,151
1087,finches,97
1088,finches,120
1089,finches,84
1090,finches,26
1091,finches,65
1092,finches,102
1093,finches,51
1094,finches,80
1095,finches,212
1096,finches,174
1097,finches,130
1098,finches,196
1099,finches,117
1100,finches,156
1101,finches,103
1102,finches,60
1103,finches,52
1104,finches,165
1105,finches,40
1106,finches,26
1107,finches,50
1108,finches,69
1109,finches,4
1110,finches,0
1111,finches,130
1112,finches,120
1113,finches,118
1114,finches,85
1115,finches,0
1116,finches,91
1117,finches,27
1118,finches,95
1119,finches,189
1120,finches,93
1121,finches,22
1122,finches,8
1123,finches,166
1124,finches,115
1125,finches,134
1126,finches,72
1127,finches,11
1128,finches,87
1129,finches,125
1130,finches,127
1131,finches,46
1132,finches,51
1133,finches,128
1134,finches,120
1135,finches,206
1136,finches,111
1137,finches,15
1138,finches,152
1139,finches,152
1140,finches,193
1141,finches,81
1142,finches,186
1143,finches,208
1144,finches,63
1145,finches,59
1146,finches,124
1147,finches,182
1148,finches,0
1149,finches,188
1150,finches,175
1151,finches,95
1152,finches,130
1153,finches,93
1154,finches,148
1155,finches,211
1156,finches,190
1157,finches,204
1158,finches,92
1159,finches,120
1160,finches,175
1161,finches,77
1162,finches,106
1163,finches,90
1164,finches,66
1165,finches,115
1166,finches,26
1167,finches,162
1168,finches,183
1169,finches,32
1170,finches,78
1171,finches,111
1172,finches,179
1173,finches,16
1174,finches,77
1175,finches,49
1176,finches,112
1177,finches,196
1178,finches,173
1179,finches,129
1180,finches,138
1181,finches,124
1182,finches,131
1183,finches,86
1184,finches,147
1185,finches,213
1186,finches,30
1187,finches,89
1188,finches,100
1189,finches,115
1190,finches,34
1191,finches,206
1192,finches,88
1193,finches,127
1194,finches,74
1195,finches,126
1196,finches,137
1197,finches,145
1198,finches,72
1199,finches,155
1200,finches,85
1201,finches,141
1202,finches,203
1203,finches,255
1204,finches,124
1205,finches,151
1206,finches,149
1207,finches,1
1208,finches,144
1209,finches,72
1210,finches,130
1211,finches,125
1212,finches,123
1213,finches,79
1214,finches,255
1215,finches,244
1216,finches,130
1217,finches,158
1218,finches,171
1219,finches,1
1220,finches,211
1221,finches,229
1222,finches,184
1223,finches,116
1224,finches,109
1225,finches,36
1226,finches,112
1227,finches,184
1228,finches,165
1229,finches,92
1230,finches,122
1231,finches,152
1232,finches,0
1233,finches,177
1234,finches,143
1235,finches,255
1236,finches,170
1237,finches,190
1238,finches,218
1239,finches,82
1240,finches,192
1241,finches,248
1242,finches,11
1243,finches,30
1244,finches,162
1245,finches,175
1246,finches,101
1247,finches,212
1248,finches,108
1249,finches,130
1250,finches,173
1251,finches,60
1252,finches,91
1253,finches,148
1254,finches,146
1255,finches,78
1256,finches,116
1257,finches,253
1258,finches,91
1259,finches,190
1260,finches,209
1261,finches,114
1262,finches,112
1263,finches,99
1264,finches,119
1265,finches,170
1266,finches,71
1267,finches,200
1268,finches,208
1269,finches,246
1270,finches,118
1271,finches,88
1272,finches,135
1273,finches,67
1274,finches,45
1275,finches,2
1276,finches,153
1277,finches,134
1278,finches,152
1279,finches,218
1280,finches,98
1281,finches,8
1282,finches,201
1283,finches,104
1284,finches,114
1285,finches,103
1286,finches,148
1287,finches,175
1288,finches,98
1289,finches,78
1290,finches,166
1291,finches,126
1292,finches,52
1293,finches,130
1294,finches,94
1295,finches,157
1296,finches,84
1297,finches,77
1298,finches,47
1299,finches,150
1300,finches,87
1301,finches,113
1302,finches,124
1303,finches,89
1304,finches,136
1305,finches,209
1306,finches,200
1307,finches,85
1308,finches,188
1309,finches,119
1310,finches,45
1311,finches,161
1312,finches,213
1313,finches,137
1314,finches,88
1315,finches,130
1316,finches,206
1317,finches,198
1318,finches,0
1319,finches,122
1320,finches,249
1321,finches,51
1322,finches,75
1323,finches,220
1324,finches,150
1325,finches,54
1326,finches,38
1327,finches,169
1328,finches,1
1329,finches,144
1330,finches,42
1331,finches,141
1332,finches,169
1333,finches,218
1334,finches,1
1335,finches,56
1336,finches,207
1337,finches,116
1338,finches,91
1339,finches,1
1340,finches,38
1341,finches,130
1342,finches,182
1343,finches,125
1344,finches,116
1345,finches,85
1346,finches,25
1347,finches,138
1348,finches,196
1349,finches,91
1350,finches,115
1351,finches,146
1352,finches,109
1353,finches,89
1354,finches,103
1355,finches,163
1356,finches,200
1357,finches,44
1358,finches,132
1359,finches,64
1360,finches,103
1361,finches,177
1362,finches,116
1363,finches,89
1364,finches,123
1365,finches,120
1366,finches,139
1367,finches,176
1368,finches,74
1369,finches,123
1370,finches,44
1371,finches,87
1372,finches,52
1373,finches,160
1374,finches,168
1375,finches,57
1376,finches,117
1377,finches,111
1378,finches,1
1379,finches,34
1380,finches,127
1381,finches,127
1382,finches,1
1383,finches,151
1384,finches,108
1385,finches,29
1386,finches,125
1387,finches,114
1388,finches,203
1389,finches,132
1390,finches,214
1391,finches,64
1392,finches,160
1393,finches,140
1394,finches,57
1395,finches,173
1396,finches,205
1397,finches,150
1398,finches,161
1399,finches,1
1400,finches,101
1401,finches,182
1402,finches,118
1403,finches,90
1404,finches,226
1405,finches,1
1406,finches,113
1407,finches,174
1408,finches,184
1409,finches,135
1410,finches,1
1411,finches,215
1412,finches,150
1413,finches,136
1414,finches,184
1415,finches,98
1416,finches,111
1417,finches,220
1418,finches,44
1419,finches,64
1420,finches,108
1421,finches,118
1422,finches,235
1423,finches,161
1424,finches,91
1425,finches,39
1426,finches,102
1427,finches,94
1428,finches,164
1429,finches,124
1430,finches,88
1431,finches,90
1432,finches,230
1433,finches,107
1434,finches,87
1435,finches,162
1436,finches,105
1437,finches,90
1438,finches,214
1439,finches,91
1440,finches,137
1441,finches,188
1442,finches,69
1443,finches,71
1444,finches,5
1445,finches,115
1446,finches,69
1447,finches,54
1448,finches,8
1449,finches,76
1450,finches,45
1451,finches,0
1452,finches,2
1453,finches,81
1454,finches,1
1455,finches,80
1456,finches,85
1457,finches,96
1458,finches,48
1459,finches,109
1460,finches,107
1461,finches,48
1462,finches,125
1463,finches,241
1464,finches,40
1465,finches,19
1466,finches,104
1467,finches,40
1468,finches,151
1469,finches,31
1470,finches,23
1471,finches,70
1472,finches,85
1473,finches,61
1474,finches,52
1475,finches,189
1476,finches,254
1477,finches,136
1478,finches,151
1479,finches,33
1480,finches,84
1481,finches,40
1482,finches,133
1483,finches,98
1484,finches,17
1485,finches,104
1486,finches,172
1487,finches,139
1488,finches,179
1489,finches,91
1490,finches,107
1491,finches,125
1492,finches,124
1493,finches,144
1494,finches,86
1495,finches,81
1496,finches,145
1497,finches,31
1498,finches,116
1499,finches,125
1500,finches,115
1501,finches,196
1502,finches,166
1503,finches,116
1504,finches,80
1505,finches,136
1506,finches,59
1507,finches,130
1508,finches,97
1509,finches,70
1510,finches,57
1511,finches,242
1512,finches,93
1513,finches,111
1514,finches,15
1515,finches,66
1516,finches,136
1517,finches,88
1518,finches,159
1519,finches,46
1520,finches,33
1521,finches,120
1522,finches,158
1523,finches,103
1524,finches,184
1525,finches,96
1526,finches,113
1527,finches,137
1528,finches,61
1529,finches,1
1530,finches,41
1531,finches,70
1532,finches,86
1533,finches,121
1534,finches,115
1535,finches,110
1536,finches,187
1537,finches,114
1538,finches,205
1539,finches,116
1540,finches,89
1541,finches,255
1542,finches,171
1543,finches,204
1544,finches,114
1545,finches,63
1546,finches,247
1547,finches,82
1548,finches,90
1549,finches,207
1550,finches,112
1551,finches,247
1552,finches,104
1553,finches,206
1554,finches,113
1555,finches,80
1556,finches,82
1557,finches,57
1558,finches,123
1559,finches,88
1560,finches,76
1561,finches,51
1562,finches,131
1563,finches,213
1564,finches,26
1565,finches,132
1566,finches,158
1567,finches,162
1568,finches,44
1569,finches,201
1570,finches,179
1571,finches,50
1572,finches,115
1573,finches,168
1574,finches,166
1575,finches,121
1576,finches,147
1577,finches,232
1578,finches,66
1579,finches,212
1580,finches,68
1581,finches,90
1582,finches,121
1583,finches,80
1584,finches,200
1585,finches,205
1586,finches,110
1587,finches,112
1588,finches,96
1589,finches,142
1590,finches,206
1591,finches,77
1592,finches,44
1593,finches,193
1594,finches,139
1595,finches,137
1596,finches,39
1597,finches,224
1598,finches,82
1599,finches,189
1600,finches,21
1601,finches,76
1602,finches,85
1603,finches,88
1604,finches,77
1605,finches,234
1606,finches,201
1607,finches,93
1608,finches,110
1609,finches,105
1610,finches,106
1611,finches,136
1612,finches,211
1613,finches,77
1614,finches,174
1615,finches,189
1616,finches,83
1617,finches,154
1618,finches,207
1619,finches,177
1620,finches,30
1621,finches,58
1622,finches,225
1623,finches,160
1624,finches,100
1625,finches,202
1626,finches,233
1627,finches,152
1628,finches,91
1629,finches,154
1630,finches,72
1631,finches,145
1632,finches,41
1633,finches,42
1634,finches,57
1635,finches,169
1636,finches,129
1637,finches,129
1638,finches,146
1639,finches,92
1640,finches,181
1641,finches,182
1642,finches,65
1643,finches,188
1644,finches,124
1645,finches,226
1646,finches,254
1647,finches,182
1648,finches,103
1649,finches,148
1650,finches,63
1651,finches,162
1652,finches,212
1653,finches,213
1654,finches,114
1655,finches,7
1656,finches,137
1657,finches,76
1658,finches,80
1659,finches,126
1660,finches,90
1661,finches,134
1662,finches,145
1663,finches,162
1664,finches,36
1665,finches,113
1666,finches,100
1667,finches,195
1668,finches,169
1669,finches,86
1670,finches,175
1671,finches,83
1672,finches,118
1673,finches,167
1674,finches,112
1675,finches,148
1676,finches,112
1677,finches,119
1678,finches,185
1679,finches,160
1680,finches,34
1681,finches,189
1682,finches,103
1683,finches,189
1684,finches,83
1685,finches,47
1686,finches,137
1687,finches,48
1688,finches,143
1689,finches,48
1690,finches,101
1691,finches,32
1692,finches,49
1693,finches,187
1694,finches,105
1695,finches,36
1696,finches,198
1697,finches,202
1698,finches,48
1699,finches,4
1700,finches,167
1701,finches,119
1702,finches,71
1703,finches,234
1704,finches,210
1705,finches,146
1706,finches,155
1707,finches,160
1708,finches,158
1709,finches,34
1710,finches,146
1711,finches,191
1712,finches,129
1713,finches,64
1714,finches,142
1715,finches,62
1716,finches,164
1717,finches,21
1718,finches,144
1719,finches,81
1720,finches,62
1721,finches,225
1722,finches,26
1723,finches,145
1724,finches,228
1725,finches,129
1726,finches,4
1727,finches,111
1728,finches,59
1729,finches,119
1730,finches,90
1731,finches,167
1732,finches,99
1733,finches,83
1734,finches,255
1735,finches,127
1736,finches,116
1737,finches,18
1738,finches,158
1739,finches,42
1740,finches,88
1741,finches,51
1742,finches,82
1743,finches,85
1744,finches,144
1745,finches,155
1746,finches,144
1747,finches,27
1748,finches,192
1749,finches,122
1750,finches,138
1751,finches,181
1752,finches,133
1753,finches,170
1754,finches,252
1755,finches,189
1756,finches,83
1757,finches,89
1758,finches,62
1759,finches,186
1760,finches,161
1761,finches,112
1762,finches,97
1763,finches,142
1764,finches,54
1765,finches,120
1766,finches,161
1767,finches,109
1768,finches,96
1769,finches,1
1770,finches,128
1771,finches,107
1772,finches,226
1773,finches,166
1774,finches,79
1775,finches,146
1776,finches,159
1777,finches,124
1778,finches,141
1779,finches,122
1780,finches,185
1781,finches,47
1782,finches,146
1783,finches,82
1784,finches,195
1785,finches,189
1786,finches,135
1787,finches,130
1788,finches,163
1789,finches,83
1790,finches,205
1791,finches,137
1792,finches,191
1793,finches,151
1794,finches,161
1795,finches,157
1796,finches,52
1797,finches,255
1798,finches,143
1799,finches,199
1800,finches,63
1801,finches,211
1802,finches,119
1803,finches,147
1804,finches,36
1805,finches,221
1806,finches,212
1807,finches,132
1808,finches,55
1809,finches,102
1810,finches,229
1811,finches,94
1812,finches,42
1813,finches,135
1814,finches,17
1815,finches,183
1816,finches,136
1817,finches,61
1818,finches,112
1819,finches,187
1820,finches,78
1821,finches,98
1822,finches,67
1823,finches,65
1824,finches,213
1825,finches,221
1826,finches,175
1827,finches,38
1828,finches,208
1829,finches,93
1830,finches,91
1831,finches,85
1832,finches,107
1833,finches,105
1834,finches,122
1835,finches,229
1836,finches,22
1837,finches,135
1838,finches,44
1839,finches,46
1840,finches,59
1841,finches,3
1842,finches,85
1843,finches,1
1844,finches,60
1845,finches,102
1846,finches,102
1847,finches,99
1848,finches,64
1849,finches,112
1850,finches,108
1851,finches,180
1852,finches,129
1853,finches,210
1854,finches,254
1855,finches,64
1856,finches,178
1857,finches,56
1858,finches,102
1859,finches,131
1860,finches,44
1861,finches,180
1862,finches,22
1863,finches,69
1864,finches,162
1865,finches,122
1866,finches,247
1867,finches,110
1868,finches,140
1869,finches,205
1870,finches,95
1871,finches,92
1872,finches,184
1873,finches,165
1874,finches,185
1875,finches,146
1876,finches,31
1877,finches,6
1878,finches,74
1879,finches,45
1880,finches,176
1881,finches,83
1882,finches,141
1883,finches,116
1884,finches,95
1885,finches,15
1886,finches,148
1887,finches,164
1888,finches,56
1889,finches,58
1890,finches,90
1891,finches,127
1892,finches,92
1893,finches,105
1894,finches,147
1895,finches,58
1896,finches,0
1897,finches,159
1898,finches,128
1899,finches,155
1900,finches,146
1901,finches,118
1902,finches,180
1903,finches,90
1904,finches,57
1905,finches,173
1906,finches,169
1907,finches,92
1908,finches,254
1909,finches,71
1910,finches,140
1911,finches,100
1912,finches,179
1913,finches,245
1914,finches,171
1915,finches,97
1916,finches,180
1917,finches,94
1918,finches,52
1919,finches,136
1920,finches,163
1921,finches,39
1922,finches,112
1923,finches,88
1924,finches,105
1925,finches,255
1926,finches,123
1927,finches,201
1928,finches,113
1929,finches,75
1930,finches,191
1931,finches,144
1932,finches,54
1933,finches,47
1934,finches,31
1935,finches,36
1936,finches,88
1937,finches,93
1938,finches,69
1939,finches,0
1940,finches,84
1941,finches,94
1942,finches,34
1943,finches,182
1944,finches,60
1945,finches,91
1946,finches,119
1947,finches,229
1948,finches,178
1949,finches,134
1950,finches,101
1951,finches,144
1952,finches,144
1953,finches,28
1954,finches,42
1955,finches,70
1956,finches,114
1957,finches,112
1958,finches,150
1959,finches,4
1960,finches,147
1961,finches,185
1962,finches,162
1963,finches,115
1964,finches,112
1965,finches,91
1966,finches,48
1967,finches,0
1968,finches,88
1969,finches,153
1970,finches,1
1971,finches,71
1972,finches,82
1973,finches,191
1974,finches,30
1975,finches,83
1976,finches,220
1977,finches,53
1978,finches,28
1979,finches,179
1980,finches,32
1981,finches,116
1982,finches,80
1983,finches,60
1984,finches,210
1985,finches,167
1986,finches,163
1987,finches,191
1988,hawks,105
1989,hawks,153
1990,hawks,148
1991,hawks,143
1992,hawks,214
1993,hawks,82
1994,hawks,153
1995,hawks,67
1996,hawks,151
1997,hawks,101
1998,hawks,48
1999,hawks,148
2000,hawks,169
2001,hawks,255
2002,hawks,79
2003,hawks,145
2004,hawks,86
2005,hawks,225
2006,hawks,122
2007,hawks,90
2008,hawks,225
2009,hawks,124
2010,hawks,141
2011,hawks,132
2012,hawks,61
2013,hawks,145
2014,hawks,255
2015,hawks,155
2016,hawks,85
2017,hawks,154
2018,hawks,93
2019,hawks,202
2020,hawks,218
2021,hawks,218
2022,hawks,172
2023,hawks,184
2024,hawks,255
2025,hawks,126
2026,hawks,112
2027,hawks,127
2028,hawks,240
2029,hawks,93
2030,hawks,89
2031,hawks,138
2032,hawks,241
2033,hawks,96
2034,hawks,206
2035,hawks,122
2036,hawks,73
2037,hawks,126
2038,hawks,168
2039,hawks,140
2040,hawks,104
2041,hawks,137
2042,hawks,106
2043,hawks,23
2044,hawks,199
2045,hawks,206
2046,hawks,98
2047,hawks,105
2048,hawks,177
2049,hawks,133
2050,hawks,131
2051,hawks,101
2052,hawks,98
2053,hawks,99
2054,hawks,195
2055,hawks,219
2056,hawks,164
2057,hawks,69
2058,hawks,123
2059,hawks,112
2060,hawks,206
2061,hawks,60
2062,hawks,169
2063,hawks,143
2064,hawks,98
2065,hawks,163
2066,hawks,131
2067,hawks,129
2068,hawks,94
2069,hawks,168
2070,hawks,200
2071,hawks,232
2072,hawks,95
2073,hawks,165
2074,hawks,59
2075,hawks,254
2076,hawks,6
2077,hawks,124
2078,hawks,107
2079,hawks,99
2080,hawks,255
2081,hawks,99
2082,hawks,131
2083,hawks,245
2084,hawks,106
2085,hawks,119
2086,hawks,55
2087,hawks,110
2088,hawks,240
2089,hawks,155
2090,hawks,46
2091,hawks,202
2092,hawks,79
2093,hawks,186
2094,hawks,142
2095,hawks,133
2096,hawks,254
2097,hawks,84
2098,hawks,109
2099,hawks,107
2100,hawks,156
2101,hawks,160
2102,hawks,125
2103,hawks,154
2104,hawks,243
2105,hawks,84
2106,hawks,159
2107,hawks,189
2108,hawks,200
2109,hawks,163
2110,hawks,173
2111,hawks,52
2112,hawks,117
2113,hawks,38
2114,hawks,179
2115,hawks,145
2116,hawks,0
2117,hawks,146
2118,hawks,232
2119,hawks,82
2120,hawks,26
2121,hawks,162
2122,hawks,159
2123,hawks,101
2124,hawks,137
2125,hawks,101
2126,hawks,73
2127,hawks,56
2128,hawks,178
2129,hawks,149
2130,hawks,208
2131,hawks,89
2132,hawks,91
2133,hawks,171
2134,hawks,148
2135,hawks,139
2136,hawks,152
2137,hawks,98
2138,hawks,188
2139,hawks,142
2140,hawks,84
2141,hawks,151
2142,hawks,18
2143,hawks,128
2144,hawks,255
2145,hawks,122
2146,hawks,121
2147,hawks,100
2148,hawks,160
2149,hawks,175
2150,hawks,49
2151,hawks,131
2152,hawks,203
2153,hawks,251
2154,hawks,133
2155,hawks,108
2156,hawks,133
2157,hawks,210
2158,hawks,84
2159,hawks,65
2160,hawks,79
2161,hawks,190
2162,hawks,242
2163,hawks,170
2164,hawks,106
2165,hawks,101
2166,hawks,255
2167,hawks,112
2168,hawks,147
2169,hawks,42
2170,hawks,129
2171,hawks,178
2172,hawks,209
2173,hawks,132
2174,hawks,140
2175,hawks,196
2176,hawks,84
2177,hawks,176
2178,hawks,110
2179,hawks,149
2180,hawks,176
2181,hawks,179
2182,hawks,91
2183,hawks,122
2184,hawks,67
2185,hawks,151
2186,hawks,147
2187,hawks,113
2188,hawks,190
2189,hawks,149
2190,hawks,197
2191,hawks,51
2192,hawks,236
2193,hawks,184
2194,hawks,236
2195,hawks,222
2196,hawks,95
2197,hawks,147
2198,hawks,83
2199,hawks,247
2200,hawks,41
2201,hawks,170
2202,hawks,185
2203,hawks,202
2204,hawks,119
2205,hawks,142
2206,hawks,135
2207,hawks,117
2208,hawks,176
2209,hawks,58
2210,hawks,241
2211,hawks,110
2212,hawks,128
2213,hawks,162
2214,hawks,170
2215,hawks,147
2216,hawks,152
2217,hawks,27
2218,hawks,224
2219,hawks,242
2220,hawks,38
2221,hawks,192
2222,hawks,153
2223,hawks,52
2224,hawks,188
2225,hawks,61
2226,hawks,91
2227,hawks,188
2228,hawks,154
2229,hawks,45
2230,hawks,75
2231,hawks,113
2232,hawks,198
2233,hawks,213
2234,hawks,179
2235,hawks,30
2236,hawks,99
2237,hawks,149
2238,hawks,168
2239,hawks,253
2240,hawks,154
2241,hawks,118
2242,hawks,104
2243,hawks,206
2244,hawks,211
2245,hawks,1
2246,hawks,68
2247,hawks,74
2248,hawks,85
2249,hawks,60
2250,hawks,134
2251,hawks,110
2252,hawks,91
2253,hawks,165
2254,hawks,215
2255,hawks,162
2256,hawks,176
2257,hawks,164
2258,hawks,90
2259,hawks,26
2260,hawks,115
2261,hawks,0
2262,hawks,219
2263,hawks,145
2264,hawks,45
2265,hawks,204
2266,hawks,83
2267,hawks,50
2268,hawks,233
2269,hawks,32
2270,hawks,249
2271,hawks,142
2272,hawks,105
2273,hawks,205
2274,hawks,151
2275,hawks,214
2276,hawks,129
2277,hawks,147
2278,hawks,23
2279,hawks,53
2280,hawks,75
2281,hawks,37
2282,hawks,176
2283,hawks,61
2284,hawks,170
2285,hawks,234
2286,hawks,189
2287,hawks,224
2288,hawks,180
2289,hawks,93
2290,hawks,172
2291,hawks,70
2292,hawks,189
2293,hawks,184
2294,hawks,107
2295,hawks,68
2296,hawks,109
2297,hawks,138
2298,hawks,11
2299,hawks,115
2300,hawks,131
2301,hawks,139
2302,hawks,120
2303,hawks,94
2304,hawks,171
2305,hawks,103
2306,hawks,43
2307,hawks,95
2308,hawks,128
2309,hawks,138
2310,hawks,203
2311,hawks,75
2312,hawks,168
2313,hawks,187
2314,hawks,249
2315,hawks,157
2316,hawks,157
2317,hawks,121
2318,hawks,44
2319,hawks,148
2320,hawks,177
2321,hawks,102
2322,hawks,207
2323,hawks,255
2324,hawks,236
2325,hawks,155
2326,hawks,112
2327,hawks,231
2328,hawks,125
2329,hawks,159
2330,hawks,107
2331,hawks,75
2332,hawks,76
2333,hawks,33
2334,hawks,111
2335,hawks,173
2336,hawks,81
2337,hawks,74
2338,hawks,126
2339,hawks,183
2340,hawks,1
2341,hawks,88
2342,hawks,0
2343,hawks,129
2344,hawks,49
2345,hawks,105
2346,hawks,120
2347,hawks,125
2348,hawks,255
2349,hawks,180
2350,hawks,55
2351,hawks,171
2352,hawks,79
2353,hawks,169
2354,hawks,184
2355,hawks,200
2356,hawks,35
2357,hawks,167
2358,hawks,232
2359,hawks,101
2360,hawks,151
2361,hawks,210
2362,hawks,137
2363,hawks,233
2364,hawks,146
2365,hawks,129
2366,hawks,96
2367,hawks,101
2368,hawks,133
2369,hawks,91
2370,hawks,115
2371,hawks,50
2372,hawks,46
2373,hawks,111
2374,hawks,161
2375,hawks,22
2376,hawks,246
2377,hawks,192
2378,hawks,129
2379,hawks,118
2380,hawks,81
2381,hawks,97
2382,hawks,49
2383,hawks,17
2384,hawks,161
2385,hawks,129
2386,hawks,142
2387,hawks,136
2388,hawks,69
2389,hawks,107
2390,hawks,224
2391,hawks,174
2392,hawks,140
2393,hawks,83
2394,hawks,111
2395,hawks,61
2396,hawks,253
2397,hawks,162
2398,hawks,237
2399,hawks,100
2400,hawks,35
2401,hawks,251
2402,hawks,165
2403,hawks,111
2404,hawks,122
2405,hawks,91
2406,hawks,168
2407,hawks,117
2408,hawks,126
2409,hawks,50
2410,hawks,103
2411,hawks,53
2412,hawks,74
2413,hawks,85
2414,hawks,75
2415,hawks,109
2416,hawks,78
2417,hawks,35
2418,hawks,148
2419,hawks,201
2420,hawks,135
2421,hawks,51
2422,hawks,144
2423,hawks,238
2424,hawks,125
2425,hawks,255
2426,hawks,93
2427,hawks,71
2428,hawks,163
2429,hawks,64
2430,hawks,100
2431,hawks,249
2432,hawks,195
2433,hawks,118
2434,hawks,147
2435,hawks,55
2436,hawks,181
2437,hawks,79
2438,hawks,188
2439,hawks,124
2440,hawks,241
2441,hawks,174
2442,hawks,137
2443,hawks,27
2444,hawks,171
2445,hawks,140
2446,hawks,255
2447,hawks,166
2448,hawks,171
2449,hawks,183
2450,hawks,221
2451,hawks,67
2452,hawks,40
2453,hawks,81
2454,hawks,130
2455,hawks,107
2456,hawks,131
2457,hawks,208
2458,hawks,141
2459,hawks,71
2460,hawks,59
2461,hawks,100
2462,hawks,239
2463,hawks,183
2464,hawks,150
2465,hawks,52
2466,hawks,137
2467,hawks,67
2468,hawks,141
2469,hawks,107
2470,hawks,177
2471,hawks,53
2472,hawks,152
2473,hawks,64
2474,hawks,255
2475,hawks,81
2476,hawks,251
2477,hawks,164
2478,hawks,133
2479,hawks,176
2480,hawks,119
2481,hawks,81
2482,hawks,174
2483,hawks,207
2484,hawks,104
2485,hawks,158
2486,hawks,255
2487,hawks,85
2488,hawks,202
2489,hawks,126
2490,hawks,179
2491,hawks,91
2492,hawks,23
2493,hawks,93
2494,hawks,127
2495,hawks,168
2496,hawks,120
2497,hawks,75
2498,hawks,99
2499,hawks,139
2500,hawks,116
2501,hawks,165
2502,hawks,199
2503,hawks,196
2504,hawks,51
2505,hawks,219
2506,hawks,117
2507,hawks,131
2508,hawks,56
2509,hawks,183
2510,hawks,77
2511,hawks,82
2512,hawks,92
2513,hawks,44
2514,hawks,73
2515,hawks,175
2516,hawks,113
2517,hawks,217
2518,hawks,47
2519,hawks,58
2520,hawks,120
2521,hawks,76
2522,hawks,238
2523,hawks,250
2524,hawks,111
2525,hawks,98
2526,hawks,196
2527,hawks,120
2528,hawks,228
2529,hawks,45
2530,hawks,211
2531,hawks,96
2532,hawks,180
2533,hawks,152
2534,hawks,156
2535,hawks,96
2536,hawks,11
2537,hawks,156
2538,hawks,157
2539,hawks,228
2540,hawks,193
2541,hawks,1
2542,hawks,154
2543,hawks,8
2544,hawks,170
2545,hawks,193
2546,hawks,19
2547,hawks,160
2548,hawks,121
2549,hawks,111
2550,hawks,114
2551,hawks,130
2552,hawks,86
2553,hawks,251
2554,hawks,33
2555,hawks,152
2556,hawks,176
2557,hawks,5
2558,hawks,179
2559,hawks,167
2560,hawks,222
2561,hawks,119
2562,hawks,47
2563,hawks,83
2564,hawks,81
2565,hawks,60
2566,hawks,201
2567,hawks,147
2568,hawks,157
2569,hawks,141
2570,hawks,101
2571,hawks,253
2572,hawks,102
2573,hawks,94
2574,hawks,6
2575,hawks,184
2576,hawks,125
2577,hawks,212
2578,hawks,145
2579,hawks,203
2580,hawks,212
2581,hawks,123
2582,hawks,185
2583,hawks,144
2584,hawks,154
2585,hawks,181
2586,hawks,210
2587,hawks,4
2588,hawks,87
2589,hawks,147
2590,hawks,255
2591,hawks,153
2592,hawks,99
2593,hawks,193
2594,hawks,250
2595,hawks,94
2596,hawks,154
2597,hawks,205
2598,hawks,158
2599,hawks,134
2600,hawks,155
2601,hawks,240
2602,hawks,255
2603,hawks,174
2604,hawks,91
2605,hawks,92
2606,hawks,140
2607,hawks,65
2608,hawks,115
2609,hawks,157
2610,hawks,190
2611,hawks,109
2612,hawks,153
2613,hawks,188
2614,hawks,139
2615,hawks,103
2616,hawks,67
2617,hawks,141
2618,hawks,248
2619,hawks,104
2620,hawks,131
2621,hawks,79
2622,hawks,184
2623,hawks,229
2624,hawks,180
2625,hawks,211
2626,hawks,193
2627,hawks,82
2628,hawks,107
2629,hawks,127
2630,hawks,169
2631,hawks,255
2632,hawks,162
2633,hawks,105
2634,hawks,104
2635,hawks,138
2636,hawks,135
2637,hawks,176
2638,hawks,255
2639,hawks,89
2640,hawks,222
2641,hawks,180
2642,hawks,157
2643,hawks,140
2644,hawks,122
2645,hawks,189
2646,hawks,147
2647,hawks,190
2648,hawks,106
2649,hawks,96
2650,hawks,212
2651,hawks,142
2652,hawks,135
2653,hawks,122
2654,hawks,120
2655,hawks,136
2656,hawks,122
2657,hawks,74
2658,hawks,255
2659,hawks,106
2660,hawks,123
2661,hawks,97
2662,hawks,111
2663,hawks,109
2664,hawks,86
2665,hawks,85
2666,hawks,146
2667,hawks,124
2668,hawks,149
2669,hawks,212
2670,hawks,165
2671,hawks,99
2672,hawks,159
2673,hawks,248
2674,hawks,80
2675,hawks,254
2676,hawks,123
2677,hawks,231
2678,hawks,92
2679,hawks,146
2680,hawks,127
2681,hawks,254
2682,hawks,134
2683,hawks,90
2684,hawks,225
2685,hawks,173
2686,hawks,137
2687,hawks,234
2688,hawks,85
2689,hawks,95
2690,hawks,139
2691,hawks,149
2692,hawks,179
2693,hawks,228
2694,hawks,127
2695,hawks,138
2696,hawks,30
2697,hawks,144
2698,hawks,118
2699,hawks,120
2700,hawks,171
2701,hawks,179
2702,hawks,125
2703,hawks,183
2704,hawks,220
2705,hawks,45
2706,hawks,130
2707,hawks,107
2708,hawks,96
2709,hawks,91
2710,hawks,150
2711,hawks,95
2712,hawks,142
2713,hawks,182
2714,hawks,40
2715,hawks,100
2716,hawks,87
2717,hawks,105
2718,hawks,161
2719,hawks,78
2720,hawks,184
2721,hawks,183
2722,hawks,192
2723,hawks,97
2724,hawks,62
2725,hawks,255
2726,hawks,111
2727,hawks,116
2728,hawks,156
2729,hawks,88
2730,hawks,91
2731,hawks,161
2732,hawks,191
2733,hawks,111
2734,hawks,199
2735,hawks,126
2736,hawks,69
2737,hawks,99
2738,hawks,73
2739,hawks,178
2740,hawks,21
2741,hawks,165
2742,hawks,101
2743,hawks,83
2744,hawks,60
2745,hawks,183
2746,hawks,101
2747,hawks,70
2748,hawks,61
2749,hawks,133
2750,hawks,67
2751,hawks,66
2752,hawks,127
2753,hawks,250
2754,hawks,100
2755,hawks,108
2756,hawks,153
2757,hawks,149
2758,hawks,124
2759,hawks,61
2760,hawks,103
2761,hawks,139
2762,hawks,99
2763,hawks,175
2764,hawks,122
2765,hawks,40
2766,hawks,130
2767,hawks,167
2768,hawks,245
2769,hawks,146
2770,hawks,87
2771,hawks,150
2772,hawks,82
2773,hawks,37
2774,hawks,209
2775,hawks,221
2776,hawks,112
2777,hawks,127
2778,hawks,208
2779,hawks,149
2780,hawks,125
2781,hawks,138
2782,hawks,160
2783,hawks,72
2784,hawks,69
2785,hawks,142
2786,hawks,103
2787,hawks,128
2788,hawks,93
2789,hawks,116
2790,hawks,136
2791,hawks,152
2792,hawks,130
2793,hawks,208
2794,hawks,218
2795,hawks,246
2796,hawks,153
2797,hawks,205
2798,hawks,97
2799,hawks,54
2800,hawks,194
2801,hawks,87
2802,hawks,81
2803,hawks,204
2804,hawks,169
2805,hawks,215
2806,hawks,93
2807,hawks,123
2808,hawks,247
2809,hawks,168
2810,hawks,122
2811,hawks,110
2812,hawks,175
2813,hawks,80
2814,hawks,195
2815,hawks,152
2816,hawks,108
2817,hawks,149
2818,hawks,141
2819,hawks,155
2820,hawks,126
2821,hawks,13
2822,hawks,122
2823,hawks,238
2824,hawks,180
2825,hawks,169
2826,hawks,52
2827,hawks,81
2828,hawks,60
2829,hawks,40
2830,hawks,226
2831,hawks,164
2832,hawks,81
2833,hawks,111
2834,hawks,119
2835,hawks,121
2836,hawks,183
2837,hawks,162
2838,hawks,217
2839,hawks,109
2840,hawks,141
2841,hawks,143
2842,hawks,202
2843,hawks,101
2844,hawks,53
2845,hawks,252
2846,hawks,205
2847,hawks,183
2848,hawks,145
2849,hawks,209
2850,hawks,81
2851,hawks,140
2852,hawks,42
2853,hawks,147
2854,hawks,199
2855,hawks,123
2856,hawks,49
2857,hawks,113
2858,hawks,105
2859,hawks,121
2860,hawks,155
2861,hawks,147
2862,hawks,88
2863,hawks,44
2864,hawks,85
2865,hawks,184
2866,hawks,152
2867,hawks,176
2868,hawks,142
2869,hawks,173
2870,hawks,177
2871,hawks,199
2872,hawks,160
2873,hawks,187
2874,hawks,135
2875,hawks,182
2876,hawks,96
2877,hawks,218
2878,hawks,68
2879,hawks,158
2880,hawks,135
2881,hawks,172
2882,hawks,192
2883,hawks,103
2884,hawks,129
2885,hawks,137
2886,hawks,83
2887,hawks,53
2888,hawks,173
2889,hawks,80
2890,hawks,172
2891,hawks,109
2892,hawks,31
2893,hawks,227
2894,hawks,95
2895,hawks,197
2896,hawks,181
2897,hawks,117
2898,hawks,122
2899,hawks,126
2900,hawks,50
2901,hawks,180
2902,hawks,131
2903,hawks,180
2904,hawks,121
2905,hawks,206
2906,hawks,245
2907,hawks,229
2908,hawks,174
2909,hawks,192
2910,hawks,77
2911,hawks,237
2912,hawks,94
2913,hawks,138
2914,hawks,210
2915,hawks,213
2916,hawks,135
2917,hawks,222
2918,hawks,92
2919,hawks,54
2920,hawks,255
2921,hawks,126
2922,hawks,198
2923,hawks,238
2924,hawks,164
2925,hawks,211
2926,hawks,115
2927,hawks,140
2928,hawks,209
2929,hawks,122
2930,hawks,41
2931,hawks,107
2932,hawks,198
2933,hawks,113
2934,hawks,159
2935,hawks,42
2936,hawks,110
2937,hawks,212
2938,hawks,67
2939,hawks,3
2940,hawks,64
2941,hawks,219
2942,hawks,112
2943,hawks,78
2944,hawks,114
2945,hawks,152
2946,hawks,181
2947,hawks,167
2948,hawks,107
2949,hawks,141
2950,hawks,64
2951,hawks,155
2952,hawks,139
2953,hawks,171
2954,hawks,253
2955,hawks,85
2956,hawks,86
2957,hawks,153
2958,hawks,204
2959,hawks,198
2960,hawks,202
2961,hawks,42
2962,hawks,240
2963,hawks,137
2964,hawks,60
2965,hawks,80
2966,hawks,98
2967,hawks,142
2968,hawks,48
2969,hawks,246
2970,hawks,247
2971,hawks,99
2972,hawks,154
2973,hawks,105
2974,hawks,55
2975,hawks,76
2976,hawks,224
2977,hawks,93
2978,hawks,234
2979,hawks,50
2980,hawks,96
2981,hawks,108
2982,hawks,117
2983,hawks,62
2984,hawks,99
2985,hawks,204
